NFL,Rugby
21.30703701,5
17.81809019,30.91275658
16.14951649,29.77000568
8.624024264,31.85384481
20.61958655,26.53432596
17.17252546,28.16982208
10.49791295,33.84348812
9.251388119,35.61074493
12.99889985,37.40835711
100,25.79205293